PDB,Interacting_chains,Functional_class,DG,DG_pred,Experimental_method,iRMSD,BSA,ICs_charged-charged,ICs_charged-polar,ICs_charged-apolar,ICs_polar-polar,ICS_polar-apolar,ICs_apolar-apolar,NIS_polar,NIS_apolar,NIS_charged,,,,,,,,,,,,,,,,,,,,,
1A2K.pdb,C:AB,OG,-9.3,-9,ITC,1.11,1603,5,4,20,2,11,25,31.65,41.77,26.58,,,,,,,,,,,,,,,,,,,,,
1ACB.pdb,E:I,EI,-13.1,-11.9,spectroscopy,1.08,1544,3,2,19,4,19,25,42.72,38.5,18.78,,,,1AK4,,,,,,,,,ICs_charged-charged,ICs_charged-polar,ICs_charged-apolar,ICs_polar-polar,ICS_polar-apolar,ICs_apolar-apolar,NIS_polar,NIS_apolar,NIS_charged
1AK4.pdb,A:D,OX,-6.4,-7.3,ITC,1.33,1029,0,4,14,1,10,20,27.95,45.41,26.64,,,,ALA101,ALA488,,ALA101,ALA488,3.6652732,,,Mine,0,1,8,4,16,20,27.95,45.41,26.64
1AKJ.pdb,AB:DE,OX,-5.3,-7.3,SPR,1.14,1995,8,20,7,18,18,2,35.18,35.18,29.64,,,,ALA103,ALA488,,ALA103,ALA488,4.173653,,,PRODIGY,0,4,14,1,10,20,27.95,45.41,26.64
1ATN.pdb,A:D,OX,-12.1,-10.9,spectroscopy,3.28,1774,9,8,20,4,15,28,36.32,34.94,28.74,,,,ARG55,ALA488,,ARG55,ALA488,4.795792,,,,,,,,,,,,
1AVZ.pdb,B:C,NC,-6.5,-8.4,ITC,0.73,1259,5,8,9,2,14,10,30.6,42.54,26.87,,,,ASN102,ALA488,,ASN102,ALA488,3.420161,,,,,,,,,,,,
1B6C.pdb,A:B,OX,-8.9,-9.4,SPR,1.96,1752,6,11,18,1,11,21,31.53,35.35,33.12,,,,GLN111,ALA488,,GLN111,ALA488,3.3113143,,,1ACB,,,,,,,,,
1BJ1.pdb,HL:VW,AB,-11.6,-12.2,SPR,0.5,1731,3,8,21,7,22,19,41.7,35.68,22.61,,,,GLN63,ALA488,,GLN63,ALA488,2.918742,,,,,,,,,,,,
1BUH.pdb,A:B,EI,-9.7,-8.4,SPR,0.75,1324,12,4,20,0,5,17,28.83,41.24,29.93,,,,GLY72,ALA488,,GLY72,ALA488,2.8401794,,,CYS42,ARG48,4.7286057,,,CYS42,ARG48,,,
1BVK.pdb,DE:F,A,-10.5,-11.3,stopped-flow,1.24,1321,2,8,18,2,14,14,43.75,33.59,22.66,,,,HIS54,ALA488,,HIS54,ALA488,4.7170844,,,CYS58,ARG48,2.4146605,,,CYS58,ARG48,,,
1BVN.pdb,P:T,EI,-15.1,-13.3,SPR,0.87,2222,3,12,22,0,23,33,38.22,36.78,25,,,,THR73,ALA488,,THR73,ALA488,4.7782,,,GLY59,ARG48,4.163416,,,GLY59,ARG48,,,
1CBW.pdb,ABC:D,NC,-10.7,-11.3,spectroscopy,0.74,1457,3,10,26,1,13,28,39.71,39.71,20.59,,,,ARG148,ALA492,,ARG148,ALA492,5.487194,,,HIS57,ARG48,3.6211874,,,HIS57,ARG48,,,
1DE4.pdb,AB:CF,OX,-9.8,-8.9,SPR,2.59,2066,5,13,17,9,14,9,35.21,33.85,30.94,,,,ARG55,ALA492,,ARG55,ALA492,4.3488913,,,PHE39,ARG48,4.0819416,,,PHE39,ARG48,,,
1DQJ.pdb,AB:C,A,-11.7,-12.7,SPR,0.75,1765,2,20,18,11,25,15,47.79,31.37,20.83,,,,ILE57,ALA492,,ILE57,ALA492,4.346875,,,PHE41,ARG48,3.445456,,,PHE41,ARG48,,,
1E4K.pdb,AB:C,OR,-7.9,-9.4,SPR,2.59,1634,3,8,26,2,5,21,38.88,35.97,25.16,,,,PHE60,ALA492,,PHE60,ALA492,3.5130556,,,MET192,ARG51,4.8840127,,,MET192,ARG51,,,
1E6E.pdb,A:B,ES,-8.3,-8.6,SPR,1.33,2315,18,15,17,5,11,11,26.09,42.75,31.16,,,,TRP121,ALA492,,TRP121,ALA492,5.0141377,,,MET192,ARG53,3.762736,,,MET192,ARG53,,,
1E6J.pdb,HL:P,A,-10.3,-9.1,SPR,1.05,1245,0,7,8,5,15,26,40.76,38.77,20.48,,,,ARG148,GLN495,,ARG148,GLN495,4.7547317,,,ASP194,ASP46,5.4635906,,,ASP194,ASP46,,,
1E96.pdb,A:B,OG,-7.4,-8,ITC,0.71,1179,4,7,16,4,11,8,28.74,37.16,34.1,,,,ASN149,GLN495,,ASN149,GLN495,4.599363,,,CYS191,ASP46,5.469719,,,CYS191,ASP46,,,
1EER.pdb,A:BC,OR,-15.6,-13.6,SPR,2.44,3347,30,19,25,12,31,19,26.12,43.75,30.13,,,,ALA101,GLY489,,ALA101,GLY489,4.0008607,,,CYS42,ASP46,3.6998458,,,CYS42,ASP46,,,
1EFN.pdb,B:A,OX,-10.1,-8,SPR,0.9,1253,5,5,12,1,12,16,27.48,44.27,28.24,,,,ALA103,GLY489,,ALA103,GLY489,5.047097,,,CYS58,ASP46,4.770651,,,CYS58,ASP46,,,
1EMV.pdb,A:B,EI,-18.6,-11,stopped-flow,1.28,1535,4,12,11,4,24,13,29.7,29.09,41.21,,,,ARG55,GLY489,,ARG55,GLY489,3.6573918,,,GLY193,ASP46,3.831045,,,GLY193,ASP46,,,
1EWY.pdb,A:C,ES,-7.4,-8.3,spectroscopy,0.8,1502,9,10,15,3,9,12,29.83,36.95,33.22,,,,ASN102,GLY489,,ASN102,GLY489,3.0299325,,,HIS57,ASP46,3.6598284,,,HIS57,ASP46,,,
1EZU.pdb,C:AB,EI,-13.8,-13.1,spectroscopy,1.21,2751,7,9,33,8,28,42,30.59,40.43,28.99,,,,GLN63,GLY489,,GLN63,GLY489,3.2084184,,,MET192,ASP46,3.4202802,,,MET192,ASP46,,,
1FC2.pdb,C:D,OX,-10.4,-8.5,stopped-flow,1.69,1307,4,4,9,8,14,11,37.56,35.61,26.83,,,,HIS126,GLY489,,HIS126,GLY489,3.6948595,,,PHE41,ASP46,3.7105482,,,PHE41,ASP46,,,
1FFW.pdb,A:B,OX,-8.1,-5.7,ITC,1.43,1170,7,2,16,0,2,15,21.85,44.37,33.77,,,,ALA103,HIS487,,ALA103,HIS487,4.921912,,,SER195,ASP46,3.1481771,,,SER195,ASP46,,,
1FSK.pdb,BC:A,AB,-13.1,-11.7,SPR,0.45,1623,7,10,22,3,15,25,40.61,35.81,23.58,,,,ASN102,HIS487,,ASN102,HIS487,5.0542297,,,SER218,GLY40,5.069283,,,SER218,GLY40,,,
1GCQ.pdb,B:C,OX,-6.5,-9,SPR,0.92,1208,5,7,11,0,12,21,33.33,41.18,25.49,,,,ASN71,HIS487,,ASN71,HIS487,3.122269,,,TRP172,GLY40,4.2033224,,,TRP172,GLY40,,,
1GLA.pdb,G:F,ER,-6.8,-8.1,spectroscopy,0.98,1304,5,8,13,0,11,9,26.35,38.82,34.82,,,,GLY72,HIS487,,GLY72,HIS487,3.6115472,,,MET192,GLY70,5.0213857,,,MET192,GLY70,,,
1GXD.pdb,A:C,EI,-11.7,-12.6,SPR,1.39,2445,16,6,33,0,15,35,30.31,40,29.69,,,,THR73,HIS487,,THR73,HIS487,3.3967147,,,ALA149,HIS68,5.4627886,,,ALA149,HIS68,,,
1HE8.pdb,B:A,OG,-7.4,-7.3,stopped-flow,0.92,1305,8,15,6,5,8,6,33.18,33.33,33.48,,,,ARG55,ILE491,,ARG55,ILE491,4.323262,,,TYR146,HIS68,3.2044542,,,TYR146,HIS68,,,
1I2M.pdb,A:B,OG,-15.8,-14.6,stopped-flow,2.12,2779,20,17,37,7,26,12,30.41,38.63,30.96,,,,HIS126,ILE491,,HIS126,ILE491,5.0189896,,,ASP194,LEU45,3.3032854,,,ASP194,LEU45,,,
1I4D.pdb,D:AB,OG,-7.5,-9.3,ITC,1.41,1657,3,9,9,7,21,18,31.25,35.1,33.65,,,,LEU122,ILE491,,LEU122,ILE491,4.4707446,,,CYS191,LEU45,3.4850407,,,CYS191,LEU45,,,
1J2J.pdb,A:B,OG,-8.1,-7,SPR,0.63,1209,3,4,12,1,3,20,31.79,30.46,37.75,,,,PHE60,ILE491,,PHE60,ILE491,3.5292587,,,CYS220,LEU45,4.881398,,,CYS220,LEU45,,,
1JPS.pdb,HL:T,A,-13.6,-12.9,SPR,0.51,1852,13,16,18,4,20,12,40.81,34.83,24.36,,,,TRP121,ILE491,,TRP121,ILE491,3.6257384,,,GLY193,LEU45,2.6143644,,,GLY193,LEU45,,,
1JTG.pdb,B:A,EI,-12.8,-11.6,SPR,0.49,2600,11,19,34,4,15,25,32.18,40.83,26.99,,,,ARG69,PRO485,,ARG69,PRO485,4.274452,,,GLY216,LEU45,3.7556849,,,GLY216,LEU45,,,
1JWH.pdb,CD:A,ER,-11.1,-9.5,ITC,1.27,1451,2,5,20,0,10,20,33.27,34.18,32.55,,,,THR73,PRO485,,THR73,PRO485,3.5548003,,,HIS57,LEU45,4.018991,,,HIS57,LEU45,,,
1K5D.pdb,AB:C,OG,-12.8,-11.6,stopped-flow,1.19,2527,16,15,24,6,21,27,25.89,33.61,40.5,,,,ALA101,PRO490,,ALA101,PRO490,4.2190604,,,MET192,LEU45,2.9676032,,,MET192,LEU45,,,
1KAC.pdb,A:B,OR,-10.7,-11.9,SPR,0.95,1456,7,5,13,2,18,12,42.86,37.66,19.48,,,,ARG55,PRO490,,ARG55,PRO490,2.667655,,,PHE41,LEU45,5.0609937,,,PHE41,LEU45,,,
1KKL.pdb,ABC:H,ES,-10,-9.1,SPR,2.2,1641,6,9,16,4,14,22,31.19,38.1,30.71,,,,ASN102,PRO490,,ASN102,PRO490,5.217161,,,SER190,LEU45,3.8668656,,,SER190,LEU45,,,
1KTZ.pdb,A:B,OR,-8.9,-8.1,SPR,0.39,989,5,6,7,0,5,12,38.18,33.94,27.88,,,,GLN63,PRO490,,GLN63,PRO490,3.8066008,,,SER195,LEU45,2.768112,,,SER195,LEU45,,,
1KXQ.pdb,H:A,AB,-11.5,-11.8,SPR,0.72,2172,7,9,18,12,25,23,40.46,34.54,25,,,,HIS126,PRO490,,HIS126,PRO490,3.6821902,,,SER214,LEU45,3.1713796,,,SER214,LEU45,,,
1LFD.pdb,B:A,OG,-7.8,-8.4,stopped-flow,1.79,1167,9,8,9,3,9,11,32.46,29.32,38.22,,,,LEU122,PRO490,,LEU122,PRO490,3.7559834,,,SER217,LEU45,4.3018003,,,SER217,LEU45,,,
1M10.pdb,A:B,ER,-11.2,-10.5,SPR,2.1,2097,16,24,24,2,8,12,35.08,36.31,28.62,,,,MET61,PRO490,,MET61,PRO490,3.8944006,,,TRP215,LEU45,3.8658814,,,TRP215,LEU45,,,
1MLC.pdb,AB:E,NC,-9.6,-10.3,SPR,0.6,1392,5,8,15,13,18,8,45.63,33.01,21.36,,,,PHE113,PRO490,,PHE113,PRO490,3.6774042,,,VAL213,LEU45,4.1971087,,,VAL213,LEU45,,,
1MQ8.pdb,A:B,OX,-7.5,-8.2,SPR,1.76,1241,3,11,10,6,15,11,31.79,37.14,31.07,,,,PHE60,PRO490,,PHE60,PRO490,3.4848669,,,CYS42,LEU47,5.2270203,,,CYS42,LEU47,,,
1P2C.pdb,AB:C,A,-13.6,-11.4,SPR,0.46,1456,5,8,17,13,22,10,45.06,32.66,22.28,,,,ARG148,PRO493,,ARG148,PRO493,4.670618,,,GLY193,LEU47,3.8498447,,,GLY193,LEU47,,,
1PPE.pdb,E:I,EI,-15.6,-14.7,spectroscopy,0.34,1688,5,10,28,0,20,24,47.09,34.88,18.02,,,,PHE60,PRO493,,PHE60,PRO493,4.7041526,,,HIS40,LEU47,4.3098044,,,HIS40,LEU47,,,
1PVH.pdb,A:B,OR,-9.5,-10.9,ITC,0.34,1403,5,8,8,4,21,11,38.13,35.12,26.76,,,,TRP121,PRO493,,TRP121,PRO493,3.4312437,,,LEU143,LEU47,4.6799664,,,LEU143,LEU47,,,
1QA9.pdb,A:B,OX,-7.2,-9.6,SPR,0.73,1353,21,10,14,0,2,3,35.22,25.79,38.99,,,,ALA103,VAL486,,ALA103,VAL486,3.6551342,,,MET192,LEU47,4.0961394,,,MET192,LEU47,,,
1R0R.pdb,E:I,EI,-14.2,-11.3,spectroscopy,0.45,1409,1,13,8,6,21,31,46.67,37.14,16.19,,,,GLY72,VAL486,,GLY72,VAL486,4.079652,,,PHE39,LEU47,3.1493812,,,PHE39,LEU47,,,
1S1Q.pdb,A:B,OX,-4.3,-9,SPR,0.98,1288,1,4,11,6,16,16,35.67,35.67,28.65,,,,THR73,VAL486,,THR73,VAL486,3.2758288,,,PHE41,LEU47,3.014151,,,PHE41,LEU47,,,
1US7.pdb,A:B,ER,-8.1,-6.8,ITC,1.06,1106,6,6,10,1,5,14,27.6,33.77,38.64,,,,,,,,,,,,THR151,LEU47,4.2057753,,,THR151,LEU47,,,
1VFB.pdb,AB:C,A,-11.5,-11.4,ITC,1.02,1383,2,8,20,3,13,14,45.67,31.89,22.44,,,,,,,,,,,,SER218,PHE55,2.7865434,,,SER218,PHE55,,,
1WEJ.pdb,HL:F,A,-12.5,-9.4,spectroscopy,0.31,1177,10,9,18,2,4,8,41.26,34.47,24.27,,,,,,,,,,,,TYR146,PHE55,5.080487,,,TYR146,PHE55,,,
1XQS.pdb,A:C,OX,-7.1,-11.2,SPR,1.77,2350,24,18,24,7,15,3,29.74,35.29,34.97,,,,,,,,,,,,GLY216,PRO42,3.0978224,,,GLY216,PRO42,,,
1XU1.pdb,ABD:T,OR,-11.2,-9.1,SPR,1.3,1700,8,12,21,3,10,16,31.76,39.19,29.05,,,,,,,,,,,,LYS175,PRO42,3.8587842,,,LYS175,PRO42,,,
1Z0K.pdb,A:B,OG,-7,-11.7,SPR,0.53,1787,5,7,14,2,21,27,34.78,30.43,34.78,,,,,,,,,,,,SER217,PRO42,4.84505,,,SER217,PRO42,,,
1ZHI.pdb,A:B,OX,-9.1,-8.7,ITC,0.68,1322,5,4,18,2,12,12,28.03,38.26,33.71,,,,,,,,,,,,SER218,PRO42,4.7674136,,,SER218,PRO42,,,
2A9K.pdb,A:B,ES,-10.2,-11.5,ITC,0.85,1751,4,15,23,6,23,14,30.08,31.95,37.97,,,,,,,,,,,,TRP172,PRO42,4.06174,,,TRP172,PRO42,,,
2ABZ.pdb,B:E,EI,-11.7,-12,spectroscopy,0.9,1447,4,2,18,4,18,25,44.02,34.62,21.37,,,,,,,,,,,,TRP215,PRO42,3.175487,,,TRP215,PRO42,,,
2AJF.pdb,A:E,OR,-10.6,-10.8,SPR,0.65,1704,1,8,18,5,19,10,37.72,35.96,26.32,,,,,,,,,,,,GLY216,SER41,4.4100494,,,GLY216,SER41,,,
2AQ3.pdb,A:B,NC,-6.7,-7.4,ITC,1.82,1105,2,7,7,6,7,15,39.44,30.68,29.88,,,,,,,,,,,,SER217,SER41,4.557635,,,SER217,SER41,,,
2C0L.pdb,A:B,OX,-9.8,-11.2,ITC,2.62,2013,9,9,13,3,25,28,27.78,40.28,31.94,,,,,,,,,,,,SER218,SER41,2.87534,,,SER218,SER41,,,
2FJU.pdb,B:A,OG,-7.2,-5.9,SPR,1.04,1245,3,4,6,3,6,18,28.97,39.28,31.75,,,,,,,,,,,,TRP172,SER41,4.830481,,,TRP172,SER41,,,
2GOX.pdb,A:B,OX,-12.1,-11.3,SPR,0.6,1631,13,6,17,3,19,6,30.47,35.62,33.91,,,,,,,,,,,,GLY216,THR44,5.0047126,,,GLY216,THR44,,,
2HQS.pdb,A:H,OX,-10.2,-12.1,ITC,1.14,2333,10,21,37,5,17,19,33.24,43.88,22.87,,,,,,,,,,,,HIS57,THR44,3.3844361,,,HIS57,THR44,,,
2HRK.pdb,A:B,OX,-11,-8.7,SPR,2.03,1595,8,11,14,1,9,13,32.47,40.26,27.27,,,,,,,,,,,,ILE99,THR44,3.9893136,,,ILE99,THR44,,,
2I25.pdb,N:L,A,-12.3,-12,SPR,1.21,1425,7,7,17,2,18,13,39.11,31.84,29.05,,,,,,,,,,,,MET192,THR44,3.8301914,,,MET192,THR44,,,
2MTA.pdb,HL:A,ES,-7.4,-7.8,spectroscopy,0.41,1461,3,3,21,2,11,24,24.53,45.75,29.72,,,,,,,,,,,,SER195,THR44,4.1033583,,,SER195,THR44,,,
2NYZ.pdb,AB:D,OR,-12.7,-12.7,SPR,2.09,2160,6,10,18,5,25,20,38.5,36.41,25.09,,,,,,,,,,,,SER214,THR44,3.3993516,,,SER214,THR44,,,
2OOB.pdb,A:B,ES,-5.7,-6.2,ITC,0.85,808,3,3,13,0,2,15,27.17,34.78,38.04,,,,,,,,,,,,TRP215,THR44,3.9012194,,,TRP215,THR44,,,
2PCB.pdb,A:B,NC,-6.8,-7.4,ITC,0.45,1029,11,4,7,3,7,1,30.87,35.37,33.76,,,,,,,,,,,,PHE39,TYR49,2.7345698,,,PHE39,TYR49,,,
2PCC.pdb,A:B,ES,-7.9,-8.1,ITC,0.39,1141,8,6,5,2,10,8,32.81,34.7,32.49,,,,,,,,,,,,THR151,TYR49,3.8977704,,,THR151,TYR49,,,
2TGP.pdb,Z:I,NC,-7.5,-12.3,spectroscopy,0.57,1432,4,9,28,1,14,20,43,38.65,18.36,,,,,,,,,,,,GLY216,VAL43,2.8733344,,,GLY216,VAL43,,,
2VIR.pdb,AB:C,A,-12.3,-10.9,SPR,0.8,1263,0,5,8,9,25,12,43.16,38.02,18.82,,,,,,,,,,,,MET192,VAL43,3.4559896,,,MET192,VAL43,,,
2VIS.pdb,AB:C,NC,-7.4,-11,SPR,0.8,1296,0,5,8,7,23,16,43.68,37.93,18.39,,,,,,,,,,,,SER214,VAL43,4.57695,,,SER214,VAL43,,,
2WPT.pdb,A:B,NC,-10.7,-11.9,stopped-flow,1.61,1581,8,14,12,2,28,10,23.13,27.21,49.66,,,,,,,,,,,,SER217,VAL43,4.435706,,,SER217,VAL43,,,
3BZD.pdb,A:B,OX,-9.6,-9.4,ITC,1.08,1312,4,7,6,7,15,12,41.04,29.48,29.48,,,,,,,,,,,,SER218,VAL43,3.4838517,,,SER218,VAL43,,,
3CPH.pdb,G:A,OG,-8.8,-9.3,ITC,2.12,1685,6,7,14,2,15,19,28.77,35.73,35.5,,,,,,,,,,,,TRP215,VAL43,3.1296644,,,TRP215,VAL43,,,
3SGB.pdb,E:I,EI,-14.5,-13.1,spectroscopy,0.36,1268,3,5,15,2,20,20,49.42,36.05,14.53,,,,,,,,,,,,TYR146,VAL66,4.7709994,,,TYR146,VAL66,,,
4CPA.pdb,A:I,EI,-11.3,-10.1,spectroscopy,1.52,1177,0,3,16,5,10,19,47.96,31.67,20.36,,,,,,,,,,,,,,,,,,,,,
